TITLE,HC Intermediate Latin Core (Combined)
SVM/1,1_1
QVI/1,1_1
ET/2,1_1
IN,1_1
TV,1_1
IS,1_1
HIC/1,1_1
QVE,1_1
NON,1_1
EGO,1_1
VT/4,1_1
AB,1_1
SI/2,1_1
SVI/1,1_1
AD/2,1_1
RES,1_1
OMNIS,1_1
CVM/2,1_1
ATQVE/1,1_1
FACIO,1_1
NEQVE,1_1
TVVS,1_1
ILLE,1_1
SED,1_1
POSSVM/1,1_1
CVM/3,1_1
AMICVS/2,1_1
QVIS/1,1_1
IPSE,1_1
VIDEO,1_1
SVVS,1_1
MEVS,1_1
AMICITIA,1_1
IAM,1_1
PVBLICVS/2,1_1
DICO/2,1_1
EX,1_1
ETIAM,1_1
CONSVL,1_1
QVAM/1,1_1
AVT,1_1
VRBS,1_1
HABEO,1_1
DE,1_1
ENIM/2,1_1
TANTVS,1_1
MVLTVS,1_1
DO,1_1
VIR,1_1
MAGNVS,1_1
NOS,1_1
IDEM,1_1
ISTE,1_1
SENATVS,1_1
DIES,1_1
NIHIL,1_1
VENIO,1_1
SIC,1_1
BONVS,1_1
VNVS,1_1
TAMEN,1_1
BELLVM,1_1
REX,1_1
FERO,1_1
TVM,1_1
AVTEM,1_1
ALTER,1_1
QVIDEM,1_1
ITA,1_1
ALIVS,1_1
TAM,1_1
VITA,1_1
LOCVS,1_1
NISI,1_1
MANVS/1,1_1
CIVIS,1_1
NE/4,1_1
NOSTER,1_1
PER,1_1
ANIMVS,1_1
DEVS,1_1
VIVO,1_1
PATER,1_1
TEMPVS/1,1_1
PVER,1_1
NVLLVS,1_1
SENTIO,1_1
AGO,1_1
HOMO,1_1
FRATER,1_1
INTER,1_1
CONSILIVM,1_1
NVNC,1_1
NEMO,1_1
ALIQVIS,1_1
QVIDAM,1_1
APVD,1_1
DOMVS,1_1
VOLO/3,1_1
HOSTIS,1_1
QVISQVAM,1_1
NAM,1_1
PARS,1_1
TERRA,1_1
AT/2,1_1
CORPVS,1_1
QVOQVE,1_1
PETO,1_1
IVBEO,1_1
VBI/1,1_1
AN,1_1
MORS,1_1
EO/1,1_1
ARMA,1_1
SVPERVS,1_1
PONO,1_1
DVM/2,1_1
SINE,1_1
TENEO,1_1
CAVSA,1_1
SEQVOR,1_1
CREDO,1_1
VIRTVS,1_1
ANTE/2,1_1
QVAERO,1_1
MITTO,1_1
VIS,1_1
AMOR,1_1
NOX,1_1
REGNVM,1_1
POPVLVS/1,1_1
PRO/1,1_1
CAPIO/2,1_1
DVCO,1_1
NOMEN,1_1
FORTVNA,1_1
NOVVS,1_1
GRAVIS,1_1
PARVVS/2,1_1
RELINQVO,1_1
SAEPE,1_1
FIO,1_1
DEINDE,1_1
MODO/1,1_1
SCELVS,1_1
DEBEO,1_1
FATVM,1_1
POST/2,1_1
AVDIO,1_1
PVTO,1_1
CETERVS,1_2
QVISQVE/2,1_2
NVMQVAM,1_2
VERO/3,1_2
LOQVOR,1_2
VOX,1_2
VLLVS,1_2
FIDES/2,1_2
PATIOR,1_2
DVO,1_2
BENE,1_2
QVANTVS/1,1_2
CONTINEO,1_2
PAVCI,1_2
SCIO,1_2
GERO,1_2
AQVA,1_2
TOLLO,1_2
VIX,1_2
VERVS,1_2
INTELLIGO,1_2
VALEO,1_2
VERBVM,1_2
TALIS,1_2
AVDEO,1_2
SATIS/2,1_2
MEMORIA,1_2
GENVS/1,1_2
NATVRA,1_2
NASCOR,1_2
CAELVM/1,1_2
DOLOR,1_2
HAVD,1_2
VERTO,1_2
SERVO,1_2
FRANGO,1_2
ADHVC,1_2
DVLCIS,1_2
CVRO,1_2
PROBO,1_2
SECVNDVS/1,1_2
EXCIPIO,1_2
LAVDO,1_2
SVPERBVS/2,1_2
MVNVS,1_2
IVDICO,1_3
DILIGO/3,1_3
VTERQVE,1_3
PROPTER/2,1_3
PRAESIDIVM,1_3
PRIMVM,1_3
AETAS,1_3
IVS/1,1_3
VMQVAM,1_3
MOS,1_3
MODVS,1_3
PAR/2,1_3
HONOR,1_3
NEGO,1_3
HVMANVS,1_3
STVDIVM,1_3
ADVERSVS/2,1_3
CARVS,1_3
REPERIO,1_3
QVALIS/1,1_3
DESVM/1,1_3
ODIVM,1_3
VSQVE,1_3
CAREO,1_3
HONESTVS,1_3
DONO,1_3
QVAMQVAM/2,1_3
VEL/1,1_3
LONGVS,1_3
INQVIO,1_3
IGITVR,1_3
PVLCHER,1_3
FINGO,1_3
QVASI/1,1_3
MVTO/2,1_3
NOSCO,1_3
MISCEO,1_3
DESERO/2,1_3
APPAREO,1_3
OPVS/1,1_3
CVR/1,1_3
NOLO,1_3
COLO/2,1_3
SPERO,1_3
QVAMVIS/1,1_3
DIV,1_4
SALVS,1_4
PERVENIO,1_4
OCVLVS,1_4
SOLVM/2,1_4
AMO,1_4
PERDO,1_4
NVM,1_4
CVRA,1_4
TRADO,1_4
RECIPIO,1_4
VTOR,1_4
COGITO,1_4
SCRIBO,1_4
DENIQVE,1_4
TOTVS,1_4
QVIA,1_4
TIMEO,1_4
ITAQVE,1_4
PREMO,1_4
FALLO,1_4
VEREOR,1_4
ACCIPIO,1_4
CONTRA/2,1_4
VITIVM,1_4
PRIOR,1_4
IMPERO,1_4
LIBIDO,1_4
QVARE/1,1_4
DESIDERO,1_4
INIMICVS/2,1_4
PECTVS,1_4
COGO,1_4
DOCEO,1_4
ABEO/1,1_4
EXPERIOR,1_4
POTESTAS,1_4
INTERSVM/1,1_4
SENSVS,1_4
PROPRIVS,1_4
SERVIO,1_4
LAETVS/2,1_4
RVRSVS,1_4
VOCO,1_4
ASSVM/1,1_4
PATRIA,1_5
INVIDIA,1_5
PROFICISCOR,1_5
IMPERIVM,1_5
EXERCITVS/1,1_5
ANNVS,1_5
MENS,1_5
CASTRA/2,1_5
IMPERATOR,1_5
DVBITO,1_5
PRAETOR,1_5
COEPIO,1_5
LEGATVS,1_5
SVPERO,1_5
AC/1,1_5
MARE,1_5
PARO/2,1_5
PROELIVM,1_5
ANIMA,1_5
DECERNO,1_5
OCCIDO/2,1_5
FILIVS,1_5
POSTEA,1_5
SEMPER,1_5
SIMVL/1,1_5
OPS,1_5
RELIQVVS,1_5
ADDVCO,1_5
CONOR,1_5
AMPLVS,1_5
VINCO,1_5
REDDO,1_5
DEXTER,1_5
QVICVMQVE/1,1_5
CVNCTVS,1_5
ADEO/1,1_5
DISCEDO/1,1_5
VELVT/1,1_5
POTENS,1_5
PROHIBEO,1_5
FRVSTRA,1_5
GENS,1_5
INDE,1_5
COPIA,1_5
CIVITAS,1_5
NAVIS,1_6
PERICVLVM,1_6
QVO/2,1_6
ROGO,1_6
POENA,1_6
VENTVS,1_6
CVPIO,1_6
FVGA,1_6
MVLTITVDO,1_6
SPES,1_6
FAMA,1_6
GRATIA,1_6
PRAEBEO,1_6
CONVENIO,1_6
PRIMVS,1_6
PROPE/2,1_6
OB,1_6
TEMPLVM,1_6
EXEO/1,1_6
CONFERO,1_6
DEFENDO,1_6
EGREDIOR,1_6
FVGO,1_6
FINIS,1_6
MONS,1_6
EQVES,1_6
SOLVO,1_6
COGNOSCO,1_6
POSTQVAM,1_6
ACIES,1_6
ABSVM/1,1_6
OCCVPO/2,1_6
CLASSIS,1_6
DVBIVS,1_6
CAMPVS/1,1_6
CLAVDO/1,1_6
GRATVS,1_6
CORNV,1_6
SVPERSVM/1,1_6
DOLVS,1_6
PRODO,1_6
REDEO/1,1_6
AVRVM,1_6
AVREVS/2,1_6
REOR,1_6
TANDEM,1_7
FORTIS,1_7
FACILIS,1_7
CONSTITVO,1_7
REFERO,1_7
VITO,1_7
QVOTIENS/2,1_7
CONIVX,1_7
DVX,1_7
POSTERVS,1_7
ALTVS,1_7
SIGNVM,1_7
INVENIO,1_7
CASVS,1_7
ALIENVS/2,1_7
TECTVM,1_7
MVRVS,1_7
PELLO,1_7
EFFICIO,1_7
ACER/2,1_7
COMMITTO,1_7
EXISTIMO,1_7
IBI,1_7
PVGNA,1_7
PVGNO,1_7
ET/1,1_7
MILES,1_7
VMBRA,1_7
SVRGO,1_7
VARIVS,1_7
VEHO,1_7
RIDEO,1_7
IACIO,1_7
NEC/2,1_7
CAPVT,1_7
LVMEN,1_7
AVRA,1_7
SOMNVS,1_7
VSVS,1_7
SVMO,1_7
MIROR,1_7
REGO,1_7
RETINEO,1_7
DEDVCO,1_7
MEMINI,1_7
MEREO,1_8
MATER,1_8
IGNIS,1_8
TANGO,1_8
LEVIS/1,1_8
CERTVS,1_8
NESCIO,1_8
MOENIA,1_8
VIA,1_8
ASPICIO,1_8
IVSTVS,1_8
VNDE/1,1_8
VNDA,1_8
VE,1_8
TVTVS,1_8
ERIPIO,1_8
MORA,1_8
PARCO,1_8
ADDO,1_8
VXOR,1_8
BREVIS,1_8
MALO,1_8
CRESCO,1_8
IMAGO,1_8
STO,1_8
FVGIO,1_8
MOVEO,1_8
CADO,1_8
MORIOR,1_8
VNDE/1,1_8
TVTVS,1_8
PROSVM/1,1_8
INGENIVM,1_8
MALVS/3,1_8
EQVVS,1_8
TRISTIS,1_8
VOTVM,1_8
SPATIVM,1_8
MISER,1_8
SOLVS,1_8
SAEVVS,1_8
DVRVS,1_8
PEREO/1,1_8
LATVS/2,1_8
INCIPIO,1_8
SOROR,1_9
PARENS/1,1_9
TELVM,1_9
MALE,1_9
SINO,1_9
PARIO/2,1_9
LEX,1_9
PLACEO,1_9
SOCIVS/2,1_9
NONDVM,1_9
PATEO,1_9
ADEO/2,1_9
PVDOR,1_9
SVB,1_9
LABOR/1,1_9
SANGVIS,1_9
LITVS,1_9
MILLE,1_9
FELIX,1_9
MANEO,1_9
ARA,1_9
TEGO,1_9
PAX,1_9
ERRO/2,1_9
COMES,1_9
QVIN/1,1_9
NOTVS/2,1_9
EXIGO,1_9
FEMINA,1_9
NOCEO,1_9
QVEROR,1_9
OS/1,1_9
NATVS/1,1_9
LACRIMA,1_9
MOLLIS,1_9
POSCO,1_9
PRECOR,1_9
DONVM,1_9
FERVS/2,1_9
CARMEN/1,1_9
VVLNVS,1_9
VLTIMVS,1_9
NVMEN,1_9
PLENVS,1_9
CRIMEN,1_9
EPISTOLA,1_10
AGER,1_10
ANTIQVVS,1_10
ARA,1_10
CLARVS,1_10
EXEMPLVM,1_10
FELIX,1_10
FEMINA,1_10
FRONS/1,1_10
FVNVS,1_10
LEGO/2,1_10
MVLIER,1_10
NVMERVS,1_10
OFFICIVM,1_10
OPTO,1_10
OS/2,1_10
PARENS/1,1_10
PES,1_10
PRETIVM,1_10
PROMITTO,1_10
QVONIAM,1_10
RESPONDEO,1_10
SERVVS/1,1_10
SICVT/1,1_10
SINO,1_10
SOROR,1_10
SVPRA/2,1_10
TEGO,1_10
TOT,1_10
TRES,1_10
TVRBA,1_10
VOLVPTAS,1_10
RESPICIO,1_10
FILIA,1_10
DOLEO,1_10
VACO,1_10
COR,1_10
FVROR/1,1_11
NE/2,1_11
TIMOR,1_11
VVLTVS,1_11
SCIENTIA,1_11
ARBITROR,1_11
CAEDES,1_11
OPORTET,1_11
PRIVATVS,1_11
INTERFICIO,1_11
NIMIS,1_11
STVDEO,1_11
QVONDAM,1_11
SVPPLICIVM,1_11
AVCTORITAS,1_11
ORDO,1_11
ALIQVANDO,1_12
AVRIS,1_12
COMMVNIS,1_12
CONSVLO,1_12
CVSTOS,1_12
DIMITTO,1_12
DISCIPLINA,1_12
EDVCO/2,1_12
EXSILIVM,1_12
EXSPECTO,1_12
FACINVS,1_12
FATEOR,1_12
FAX,1_12
FERRVM,1_12
HIC/2,1_12
HORTOR,1_12
IMPETVS,1_12
INTERROGO,1_12
INTRA/2,1_12
LICET/1,1_12
LVX,1_12
MAGIS/2,1_12
MAIORES,1_12
METVO,1_12
METVS,1_12
ODI,1_12
PAVLO,1_12
PERGO,1_12
PERMITTO,1_12
PLEBS,1_12
PORTA,1_12
PRINCEPS/1,1_12
SENTENTIA,1_12
SIMILIS,1_12
STATVO,1_12
TACEO,1_12
TAMQVAM/1,1_12
TENEBRAE,1_12
TRIBVNVS,1_12
VESTER,1_12
VNDIQVE,1_12
VTILIS,1_12
ADHIBEO,1_13
AEQVVS,1_13
AFFERO,1_13
AIO,1_13
CEDO/1,1_13
CONCEDO/1,1_13
CONTINGO/1,1_13
DESINO,1_13
DIGNVS,1_13
EXERCEO/2,1_13
FALSVS,1_13
FORVM/1,1_13
GLORIA,1_13
INFERO,1_13
INIVRIA,1_13
IVDICIVM,1_13
LAVS,1_13
LIBER/2,1_13
LONGE,1_13
NECESSE,1_13
NVDVS,1_13
OTIVM,1_13
PERTINEO,1_13
PRAESENS,1_13
QVIESCO,1_13
QVISQVIS/2,1_13
RAPIO,1_13
RATIO,1_13
RECENS/1,1_13
REVOCO,1_13
SERMO,1_13
SOLEO,1_13
SPIRITVS,1_13
SVSTINEO,1_13
TEMPESTAS,1_13
VINCVLVM,1_13
VOLVNTAS,1_13
GAVDIVM,1_14
IACEO,1_14
HVMVS,1_14
MARITVS/1,1_14
FAMES,1_14
CONFICIO,1_14
SVSCIPIO,1_14
AVCTOR,1_14
DEFICIO,1_14
GRADVS,1_14
ARDEO,1_14
SANCTVS,1_14
HORA,1_14
ALO,1_14
INTENDO,1_14
PERPETVVS,1_14
COLLIGO/3,1_14
VETVS,1_14
AEGER/2,1_14
MORBVS,1_14
MORBVS,1_14
GLADIVS,1_14
COMPARO/2,1_14
IVNGO,1_14
AETERNVS,1_14
ACCEDO/1,1_15
PROVINCIA,1_15
QVANDO/1,1_15
DIVIDO,1_15
PONTVS,1_15
PONDVS,1_15
ARVVM,1_15
ARX,1_15
ORIOR,1_15
REPETO,1_15
CERNO,1_15
ADVERSVS/1,1_15
VETO,1_15
IMPLEO,1_15
MAGNITVDO,1_15
OCCVRRO,1_15
PRAEMIVM,1_15
TERTIVS,1_15
EDO/1,1_15
LATEO,1_15
LITTERA,1_15
MONEO,1_15
VESTIGIVM,1_15
EFFVNDO/2,1_15
LIBET,1_15
CONSTO,1_15
LINGVA,1_15
TARDVS,1_15
CELER,1_15
PROCEDO/1,1_15
VICTORIA,1_15
PRAETER/2,1_15
ITERVM,1_15
BARBARVS/2,1_15
CVLPA,1_15
CINIS,1_15
LAEDO,1_15
STATIM,1_15
ACCIDO/1,1_15
DEFERO,1_15
OFFERO,1_15
CINGO,1_15
LATVS/1,1_15
VTRVM,1_15
ERROR,1_15
OPERA,1_15
INITIVM,1_15
INCIDO/1,1_15
REVS,1_15
SCILICET,1_15
LABORO,1_15
LIBER/1,1_15
INSVLA,1_15
CONSEQVOR,1_15
FRVOR,1_15
CENSEO,1_15
FAMILIA,1_15
SEPVLCRVM,1_15
DIGNITAS,1_15
MVNDVS/1,1_15
VOS,1_10
ERGO/2,1_10
MEDIVS,1_10
IRA,1_10
INGENS,1_10
TRAHO,1_10
ITER,1_10
HOSPES,1_10
ARS,1_11
IVVENIS/2,1_11
FLVMEN,1_11
FLAMMA,1_11
SAXVM,1_11
SOL,1_11
QVA/1,1_11
TELLVS,1_11
VICTOR,1_11
CVRSVS,1_11
AGMEN,1_11
SIDVS,1_11
SIVE/1,1_11
HVC,1_11
OSTENDO,1_11
TVRPIS,1_11
EXTREMVS,1_11
IVVO,1_11
SACER,1_11
SVPER/2,1_11
SEDES,1_11
COMA,1_11
VESTIS,1_11
VIRGO,1_11
FORMA,1_11
PRAESTO/1,1_11
AEQVOR,1_11
INFERVS,1_11
TRANSEO/1,1_11
IMPONO,1_12
COMPONO,1_12
NOBILIS/2,1_12
DISCO,1_13
ARBOR,1_13
MOX,1_13
SPECTO,1_13
SINVS,1_13
AMITTO,1_13
LIBERTAS,1_13
FLVCTVS,1_13
QVIPPE/1,1_14
NIMIVS,1_14
SEDEO,1_14
PREX,1_14
PECVNIA,1_14
SPARGO/2,1_14
PROPERO,1_14
CONDO,1_14
NEFAS,1_14
AVXILIVM,1_14
AVFERO,1_14
REGIVS,1_14
CVRRO,1_14
OLIM,1_14
AGITO,1_14
FORTE,1_14
MOROR/1,1_14
CITVS,1_14
SPECIES,1_14
VLTRA/2,1_14
TANTVM/2,2_1
PVELLA,2_1
DOMINA,2_1
IVGVM,2_1
FLEO,2_1
PRIVS,2_1
QVANTVM/3,2_1
FACTVM,2_1
SAECVLVM,2_1
AEVVM,2_1
ILLVC,2_1
REQVIRO,2_1
LVDO,2_1
NAMQVE,2_1
QVIES,2_1
FORTASSE,2_1
DIGITVS,2_1
INCITO/1,2_1
APPETO,2_1
ANTEA,2_1
LVGEO,2_1
GREMIVM,2_1
LACVS,2_1
PRAETEREO/1,2_1
FOEDVS/1,2_1
VOLO/2,2_1
FRETVM,2_1
TRABS,2_1
LEVO/1,2_1
MORSVS,2_1
RVBEO,2_1
ORIGO,2_1
QVOD/1,2_1
VENENVM,2_1
VERVM/4,2_1
MOLESTVS,2_1
COLLOCO,2_1
CVPIDVS,2_1
SEVERVS,2_1
IVCVNDVS,2_1
BEATVS,2_1
SENEX/1,2_1
CANDIDVS,2_1
POETA,2_1
QVOT/1,2_1
ILLIC/2,2_2
VINVM,2_2
COHORS,2_2
DECET,2_2
CENTVM,2_2
AES,2_2
SEMEL,2_2
RECTVS,2_2
QVOMODO/1,2_2
NARRO,2_2
NVNTIVS/1,2_2
DORMIO,2_2
QVOT/1,2_2
VISO,2_2
INVITVS,2_2
PRAESERTIM,2_2
RESTITVO,2_2
QVISNAM,2_2
HINC,2_2
QVATIO,2_2
FVLGEO,2_2
COLLVM,2_2
REMITTO,2_2
DEPRECOR,2_2
NI/2,2_2
NEQVIQVAM,2_2
SAL,2_2
SINISTER,2_2
CONTINVVS,2_2
INTEREA,2_2
VERSVS/1,2_2
SANE,2_2
FAVEO,2_2
ARENA,2_2
HORREO,2_2
RVMOR,2_2
TOTIDEM/1,2_2
INCOLVMIS,2_2
NATIO/1,2_2
OCTO,2_2
CLIENS,2_2
SVSPICOR,2_2
INVIDEO,2_2
PVDEO,2_2
QVAESO,2_2
PARVM/2,2_3
MVNDVS/2,2_3
GAVDEO,2_3
AMNIS,2_3
TERGVM,2_3
CERTE,2_3
PRAEDA,2_3
NIGER,2_3
PIVS,2_3
FLOS,2_3
CASTVS/2,2_3
RVS,2_3
DECEM,2_3
POTIS,2_3
INSIDIAE,2_3
DENS,2_3
REPENTE,2_3
NEGLIGO,2_3
HAEREO,2_3
DIRIGO,2_3
PONS,2_3
ATTINGO,2_3
MIRVS,2_3
COMMENDO,2_3
PALAM/1,2_3
OBLIVISCOR,2_3
PAENITEO,2_3
CAVVS/2,2_3
CLAM/1,2_3
VNA,2_3
INSTRVO,2_3
INFESTVS,2_3
ABHORREO,2_3
SVBLEVO/1,2_3
FOSSA,2_3
AEQVO,2_3
VSQVAM,2_3
PERNICIES,2_3
SALIO/1,2_3
CRVS,2_3
SECVRIS,2_3
RVINA,2_3
VNGVIS,2_3
FOVEO,2_3
SOCER,2_3
SEV/1,2_4
CANO,2_4
TENER,2_4
LIMEN,2_4
SONO/1,2_4
FESSVS,2_4
MAESTVS,2_4
VVLGVS,2_4
CANIS,2_4
ORATIO,2_4
IRASCOR,2_4
INTEGER,2_4
APERIO,2_4
ONVS,2_4
FREQVENS,2_4
PAENE,2_4
CREO,2_4
IGNOSCO,2_4
AMBO/2,2_4
PRAEDICO/1,2_4
NEFARIVS,2_4
PROGENIES,2_4
OPACVS,2_4
PRAECEPS/2,2_4
INTERIOR,2_4
PAVLVM/1,2_4
PROFICIO,2_4
CONTENDO,2_4
LIBENTER,2_4
TABELLA,2_4
VOVEO,2_4
VLCISCOR,2_4
FRIGVS,2_4
VASTVS,2_4
CAERVLEVS,2_4
ATER,2_4
SICCVS,2_4
PIGNVS,2_4
NOVEM,2_4
NVNTIO,2_4
INCEDO/1,2_4
REFICIO,2_4
ORA,2_4
EDO/2,2_4
BIBO/2,2_4
MEMBRVM,2_5
CAEDO,2_5
DIVERSVS,2_5
ORO,2_5
CIBVS,2_5
AVDAX,2_5
FRVCTVS,2_5
CAVEO,2_5
FIDELIS/2,2_5
VERSOR,2_5
INCENDO,2_5
IMPROBVS,2_5
PERSPICIO,2_5
CONSVLATVS,2_5
PROICIO,2_5
DOMINVS,2_5
TENVIS,2_5
NEPOS/1,2_5
DEFESSVS,2_5
VEHEMENS,2_5
FAS,2_5
FLAGITO,2_5
VAGOR/2,2_5
DEMONSTRO,2_5
PREHENDO,2_5
AVSPICIVM,2_5
HESTERNVS,2_5
POTIVS,2_5
NEMVS,2_5
NITOR/2,2_5
PIETAS,2_5
VAGVS,2_5
EXSTINGVO,2_5
IVVENIS/1,2_5
CONTEMNO,2_5
HOSPES,2_5
VADVM,2_5
ROBVR,2_5
CRVDELIS,2_5
EXTER,2_5
MONSTRVM,2_5
CELEBRO,2_5
ACVTVS,2_5
TVEOR,2_5
LENIS/2,2_5
ORBIS,2_6
PROCVL,2_6
CVRRVS,2_6
DECVS,2_6
PECVS/1,2_6
INGRATVS,2_6
AVGEO,2_6
COLOR,2_6
CAECVS,2_6
MENSA,2_6
RECEDO/1,2_6
ARGENTVM,2_6
AETHER,2_6
PORTO,2_6
VANVS,2_6
ALBVS,2_6
MORTALIS/2,2_6
INDICO/1,2_6
ADVENIO,2_6
PRIVSQVAM,2_6
LAETOR,2_6
NVDO,2_6
CONSPICIO,2_6
ALACER,2_6
DESISTO,2_6
COMITATVS/1,2_6
OBEO/1,2_6
EXIMIVS,2_6
PRAE/1,2_6
DECLARO,2_6
ASSIDVVS,2_6
PESTIS,2_6
QVERELA,2_6
AMENS,2_6
DIVINVS/2,2_6
ADORIOR,2_6
DESPICIO,2_6
FINIO,2_6
HVMILIS,2_6
OBSCVRVS,2_6
ANGVSTVS,2_6
MOTVS,2_6
RVO,2_6
POTIOR,2_6
LATRO/2,2_6
PRAETEREA,2_7
RARVS,2_7
LAPIS,2_7
SVBITO,2_7
PROPONO,2_7
SANVS,2_7
FABVLA/1,2_7
HABITO,2_7
AFFLIGO,2_7
ETSI/2,2_7
AVVS,2_7
VALLIS,2_7
NANCISCOR,2_7
TOTIENS,2_7
STVLTVS,2_7
ALA,2_7
ALA,2_7
GENER,2_7
VRO,2_7
VRO,2_7
REQVIESCO,2_7
TORREO,2_7
SECO,2_7
CESSO,2_7
IVDEX,2_7
ADOLESCENS/2,2_7
QVIS/2,2_7
TESTIS/1,2_7
SVSPICIO/1,2_7
OBICIO,2_7
ACCVSO,2_7
FAMILIARIS/2,2_7
ARGVMENTVM,2_7
LVDVS,2_7
REPREHENDO,2_7
CONSVETVDO,2_7
IVVENTVS,2_7
INDVSTRIA,2_7
OPPVGNO,2_7
PROFECTO,2_7
ILLVSTRIS,2_7
ORNO,2_7
NEGOTIVM,2_7
COTIDIE,2_7
TRIBVO,2_7
ETENIM,2_8
SPOLIO,2_8
EQVIDEM,2_8
FONS,2_8
IVRO,2_8
FIRMVS,2_8
POSTVLO,2_8
ACERBVS,2_8
SENECTVS/1,2_8
TORQVEO,2_8
BENEFICIVM,2_8
DESCENDO,2_8
NECESSITAS,2_8
MAGISTRATVS,2_8
MVNIO/2,2_8
EXERCITATIO,2_8
OPINOR,2_8
ADMONEO,2_8
ALIQVOT,2_8
FLECTO,2_8
IGNARVS,2_8
BRACHIVM,2_8
HODIE,2_8
ADVERTO,2_8
INTERMITTO,2_8
OBSIDEO,2_8
LEGATIO,2_8
CONFIRMO,2_8
CONTVMELIA,2_8
OBTINEO,2_8
STIPENDIVM,2_8
SIMVLO,2_8
COMMVNICO,2_8
ATTENDO,2_8
TRACTO,2_8
MAEROR,2_8
MVNICIPIVM,2_8
NOTO,2_8
ERGA,2_8
QVOAD/1,2_8
ERVDIO,2_8
FLAGRO,2_8
STIMVLVS,2_8
EXSISTO,2_8
SVMPTVS/2,2_8
AGRESTIS/2,2_9
ANIMADVERTO,2_9
ANTEQVAM,2_9
ARCESSO,2_9
ASPER,2_9
CATERVA,2_9
CENSOR,2_9
COMITIA,2_9
COMMEMORO,2_9
CONDICIO,2_9
CONFITEOR,2_9
CONSCIENTIA,2_9
CONSCIVS,2_9
DELEO,2_9
DEMVM,2_9
DOCTRINA,2_9
EFFERO/2,2_9
FRETVS/2,2_9
IDEO,2_9
INSTITVO,2_9
LACESSO,2_9
LIBERO,2_9
MAGISTER,2_9
MITIS,2_9
OMNINO,2_9
OPINIO,2_9
PATIENTIA,2_9
PERTIMESCO,2_9
POLLICEOR,2_9
PRAEDITVS,2_9
PRAETVRA,2_9
PROPTEREA,2_9
PVLSO,2_9
RADIX,2_9
RELIGIO,2_9
SAPIENTIA,2_9
SAVCIVS,2_9
SIN,2_9
SPLENDOR,2_9
SVADEO,2_9
SVBEO/1,2_9
TABVLA,2_9
TESTIMONIVM,2_9
VLTRO,2_9
VTINAM,2_9
OMITTO,2_10
TAMETSI,2_10
CONVIVIVM,2_10
DEDO,2_10
EVERTO,2_10
SILENTIVM,2_10
ERIGO,2_10
VENIA,2_10
RECVSO,2_10
QVAESTIO,2_10
TEMERE,2_10
EGREGIVS,2_10
NECO,2_10
SOLLICITO,2_10
SECVS/2,2_10
INFERI,2_10
TEMERITAS,2_10
COMPLECTOR,2_10
FERIO,2_10
CONVERTO,2_10
CONFIDO,2_10
MOLIOR,2_10
EXPONO,2_10
SIGNIFICO,2_10
INANIS,2_10
CLAMOR,2_10
VICINVS/2,2_10
SPERNO,2_10
FOEDVS/2,2_10
EGEO,2_10
FACVLTAS,2_11
CONSVLARIS/2,2_11
FLAGITIVM,2_11
INIQVVS/2,2_11
MATVRVS,2_11
IMPEDIO,2_11
INTERDVM,2_11
SAPIENS/1,2_11
DIVES,2_11
GIGNO,2_11
TERREO,2_11
PRAECEPTVM,2_11
PAREO,2_11
INGREDIOR,2_11
CELERITER,2_11
PLERVSQVE,2_11
PRISTINVS,2_11
INTERCLVDO,2_11
MINVO,2_11
VIGILIA,2_11
INOPIA,2_11
ADMODVM,2_11
MENSIS,2_11
DIMICO,2_11
EXPVGNO,2_11
CLEMENS,2_11
RECORDOR,2_11
BENEVOLENTIA,2_11
PATEFACIO,2_11
EXITVS,2_12
OCCVLTO,2_12
IVSIVRANDVM,2_12
COMPERIO,2_12
VNIVERSVS,2_12
OPPRIMO,2_12
REPENTINVS,2_12
RECITO/1,2_12
PARIES,2_12
EO/3,2_12
PRAECIPIO,2_12
PRINCIPIVM,2_12
PRVDENS,2_12
ADITVS,2_12
PERFICIO,2_12
SERVITVS,2_12
IGNORO,2_12
EODEM,2_12
COMMODVS,2_12
INSIDIOR,2_12
NEX,2_12
PRAETERMITTO,2_12
DISSIMVLO,2_12
DEMENS,2_12
PACTVM,2_12
CVRIA,2_12
FLOREO,2_12
INTVEOR,2_12
IMPENDEO,2_12
DEBILITO,2_12
IMMO,2_12
TOGATVS,2_12
IGNOTVS,2_12
LATEBRA,2_12
ROSTRVM,2_12
SCOPVLVS,2_12
FRAVS,2_12
HAVRIO,2_12
TONO,2_12
PROPINQVVS,2_13
PRAECLARVS,2_13
PORRIGO/2,2_13
APTVS,2_13
IMPETRO,2_13
EXPEDIO,2_13
INEO/1,2_13
DILIGENS,2_13
INNOCENS,2_13
STVPRVM,2_13
AERARIVS/2,2_13
IDCIRCO,2_13
COLLEGA,2_13
EVADO/2,2_13
IMPLICO,2_13
HERBA,2_14
PVRPVRA,2_14
VIOLO,2_14
OBSES,2_14
AEDES,2_14
MONVMENTVM,2_14
SVPPLEX/2,2_14
MISERICORDIA,2_14
TVRBO/1,2_14
SVBITVS/1,2_14
NERVVS,2_14
DIVTVRNVS,2_14
SILVA,2_10
LEGIO,2_10
TEMPTO,2_10
FACIES,2_10
RVMPO,2_10
SINGVLVS,2_10
FVNDO/2,2_10
TENDO,2_10
QVEMADMODVM/1,2_10
ANIMAL,2_10
CETERVM/2,2_10
REGIO,2_10
OPPIDVM,2_10
SORS,2_10
ECCE,2_10
RIPA,2_11
VACVVS,2_11
VATES,2_11
ASTRVM,2_11
INTERIM,2_11
SECVRVS,2_11
APPELLO/1,2_11
DIVITIAE,2_11
SVPERI,2_11
CIRCA/2,2_11
FOR,2_11
DAMNO,2_11
INTRO/1,2_11
DONEC,2_11
FLVO,2_11
LICET/3,2_11
CONSISTO,2_12
ALITER,2_12
PECCO,2_12
HIEMS,2_12
BOS,2_12
VALIDVS,2_12
ICTVS,2_13
FORSITAN,2_13
PAVPER,2_13
AER,2_13
AVIS,2_13
MATERIA,2_13
DIFFICILIS,2_13
CERTO/1,2_13
QVATVOR,2_13
TVRBO/2,2_13
CONSVMO,2_13
CORRVMPO,2_13
DIFFERO,2_13
LVNA,2_13
PROTINVS,2_13
AEQVE,2_13
CVPIDO,2_13
FERE,2_13
DAMNVM,2_13
ITEM,2_13
STELLA,2_13
FRVMENTVM,2_13
SACERDOS,2_13
ELIGO/3,2_13
AFFICIO,2_13
CAELESTIS,2_13
DIVVS/1,2_13
PLERVMQVE,2_13
VOLVCRIS,2_13
VOLVCER,2_13
FVTVRVM,2_14
PENDO,2_14
ASCENDO,2_14
VVLGO/2,2_14
FORS/1,2_14
REVERTO,2_14
EDICO/2,2_14
TANTVMMODO,2_14
ADIGO,2_14
AEDIFICIVM,2_14
AESTAS,2_14
AGGREDIOR,2_14
AMPLIVS,2_14
APPROPINQVO,2_14
BIS,2_14
CAVSA/2,2_14
CIRCVM/2,2_14
DELIGO/2,2_14
EMO,2_14
EXIGVVS,2_14
EXTRA/2,2_14
IDONEVS,2_14
INTEREO/1,2_14
MANDO/2,2_14
MEREOR,2_14
NEVTER,2_14
PAVLISPER,2_14
PERITVS,2_14
PERSVADEO,2_14
PRAESVM/1,2_14
TRANS/2,2_14
VIVVS/2,2_14
VTER/4,2_14
